a,b,corr_full,corr_2020_2022,corr_2023_2025,delta,kind
SPX500_USD,US30_USD,0.9407532730217203,0.9623894673206828,0.892074350494754,-0.07031511682592873,top_pos
SPX500_USD,NAS100_USD,0.9382925232192043,0.9336147228880066,0.9503308720049457,0.016716149116939083,top_pos
BTCUSDT,ETHUSDT,0.8343290147381952,0.8434776692877561,0.7961230328277762,-0.04735463645997995,top_pos
UK100_GBP,DE30_EUR,0.8331132172271759,0.8796233726826062,0.6910738110753013,-0.18854956160730485,top_pos
US30_USD,DE30_EUR,0.8104657401960119,0.8470490271151813,0.7132788780908419,-0.13377014902433937,top_pos
EUR_USD,USD_JPY,-0.5167094724225256,-0.49174747790118967,-0.5337081738088493,-0.041960695907659606,top_neg
GBP_USD,USD_JPY,-0.46027698626884783,-0.45922137131536717,-0.46653180302404046,-0.007310431708673293,top_neg
USD_JPY,XAU_USD,-0.37094715010815177,-0.4072464081024224,-0.40441112098233106,0.0028352871200913454,top_neg
